CED25CD,CED25NM,CTY25CD,CTY25NM
E58000050,Abbey ED,E10000003,Cambridgeshire
E58000051,Alconbury & Kimbolton ED,E10000003,Cambridgeshire
E58000052,Arbury ED,E10000003,Cambridgeshire
E58000053,Bar Hill ED,E10000003,Cambridgeshire
E58000054,Brampton & Buckden ED,E10000003,Cambridgeshire
E58000055,Burwell ED,E10000003,Cambridgeshire
E58000057,Castle ED,E10000003,Cambridgeshire
E58000058,Chatteris ED,E10000003,Cambridgeshire
E58000059,Cherry Hinton ED,E10000003,Cambridgeshire
E58000060,Chesterton ED,E10000003,Cambridgeshire
E58000062,Duxford ED,E10000003,Cambridgeshire
E58000063,Ely North ED,E10000003,Cambridgeshire
E58000064,Ely South ED,E10000003,Cambridgeshire
E58000065,Fulbourn ED,E10000003,Cambridgeshire
E58000066,Gamlingay ED,E10000003,Cambridgeshire
E58000067,Godmanchester & Huntingdon South ED,E10000003,Cambridgeshire
E58000069,Histon & Impington ED,E10000003,Cambridgeshire
E58000070,Huntingdon North & Hartford ED,E10000003,Cambridgeshire
E58000071,Huntingdon West ED,E10000003,Cambridgeshire
E58000072,King's Hedges ED,E10000003,Cambridgeshire
E58000073,Linton ED,E10000003,Cambridgeshire
E58000074,Littleport ED,E10000003,Cambridgeshire
E58000076,March North & Waldersey ED,E10000003,Cambridgeshire
E58000077,March South & Rural ED,E10000003,Cambridgeshire
E58000078,Market ED,E10000003,Cambridgeshire
E58000079,Melbourn & Bassingbourn ED,E10000003,Cambridgeshire
E58000080,Newnham ED,E10000003,Cambridgeshire
E58000082,Petersfield ED,E10000003,Cambridgeshire
E58000083,Queen Edith's ED,E10000003,Cambridgeshire
E58000084,Ramsey & Bury ED,E10000003,Cambridgeshire
E58000085,Roman Bank & Peckover ED,E10000003,Cambridgeshire
E58000086,Romsey ED,E10000003,Cambridgeshire
E58000088,Sawtry & Stilton ED,E10000003,Cambridgeshire
E58000089,Soham North & Isleham ED,E10000003,Cambridgeshire
E58000090,Soham South & Haddenham ED,E10000003,Cambridgeshire
E58000091,Somersham & Earith ED,E10000003,Cambridgeshire
E58000092,St. Ives North & Wyton ED,E10000003,Cambridgeshire
E58000093,St. Ives South & Needingworth ED,E10000003,Cambridgeshire
E58000094,St. Neots East & Gransden ED,E10000003,Cambridgeshire
E58000095,St. Neots Eynesbury ED,E10000003,Cambridgeshire
E58000096,St. Neots Priory Park & Little Paxton ED,E10000003,Cambridgeshire
E58000097,St. Neots The Eatons ED,E10000003,Cambridgeshire
E58000098,Sutton ED,E10000003,Cambridgeshire
E58000099,The Hemingfords & Fenstanton ED,E10000003,Cambridgeshire
E58000100,Trumpington ED,E10000003,Cambridgeshire
E58000101,Warboys & The Stukeleys ED,E10000003,Cambridgeshire
E58000102,Waterbeach ED,E10000003,Cambridgeshire
E58000103,Whittlesey North ED,E10000003,Cambridgeshire
E58000104,Whittlesey South ED,E10000003,Cambridgeshire
E58000105,Wisbech East ED,E10000003,Cambridgeshire
E58000106,Wisbech West ED,E10000003,Cambridgeshire
E58000107,Woodditton ED,E10000003,Cambridgeshire
E58000108,Yaxley & Farcet ED,E10000003,Cambridgeshire
E58001761,Cottenham & Willingham ED,E10000003,Cambridgeshire
E58001762,"Longstanton, Northstowe & Over ED",E10000003,Cambridgeshire
E58001771,Cambourne ED,E10000003,Cambridgeshire
E58001772,Hardwick ED,E10000003,Cambridgeshire
E58001773,Papworth & Swavesey ED,E10000003,Cambridgeshire
E58001774,Sawston & Shelford ED,E10000003,Cambridgeshire
E58001858,Alfreton & Somercotes ED,E10000007,Derbyshire
E58001859,Alport & Duffield ED,E10000007,Derbyshire
E58001860,Ashbourne South ED,E10000007,Derbyshire
E58001861,Aston ED,E10000007,Derbyshire
E58001862,Bakewell ED,E10000007,Derbyshire
E58001863,Barlborough & Clowne ED,E10000007,Derbyshire
E58001864,Bolsover ED,E10000007,Derbyshire
E58001865,Breadsall & West Hallam ED,E10000007,Derbyshire
E58001866,Breaston ED,E10000007,Derbyshire
E58001867,Brimington ED,E10000007,Derbyshire
E58001868,Buxton North & East ED,E10000007,Derbyshire
E58001869,Buxton South & West ED,E10000007,Derbyshire
E58001870,Chapel & Hope Valley ED,E10000007,Derbyshire
E58001871,Clay Cross & Tupton ED,E10000007,Derbyshire
E58001872,"Codnor, Aldercar, Langley Mill & Loscoe ED",E10000007,Derbyshire
E58001873,Derwent Valley ED,E10000007,Derbyshire
E58001874,Dovedale & Ashbourne North ED,E10000007,Derbyshire
E58001875,Dronfield & Unstone ED,E10000007,Derbyshire
E58001876,Dronfield Woodhouse & Walton ED,E10000007,Derbyshire
E58001877,Dunston ED,E10000007,Derbyshire
E58001878,Eckington & Coal Aston ED,E10000007,Derbyshire
E58001879,Elmton with Creswell & Whitwell ED,E10000007,Derbyshire
E58001880,Etherow ED,E10000007,Derbyshire
E58001881,Etwall & Findern ED,E10000007,Derbyshire
E58001882,Glossop North ED,E10000007,Derbyshire
E58001883,Glossop South ED,E10000007,Derbyshire
E58001884,Hardwick ED,E10000007,Derbyshire
E58001885,Hasland & Rother ED,E10000007,Derbyshire
E58001886,Heanor ED,E10000007,Derbyshire
E58001887,Hilton ED,E10000007,Derbyshire
E58001888,Horsley ED,E10000007,Derbyshire
E58001889,Ilkeston Central ED,E10000007,Derbyshire
E58001890,Ilkeston North ED,E10000007,Derbyshire
E58001891,Ilkeston South & Kirk Hallam ED,E10000007,Derbyshire
E58001892,Killamarsh & Renishaw ED,E10000007,Derbyshire
E58001893,Linacre & Loundsley Green ED,E10000007,Derbyshire
E58001894,Linton ED,E10000007,Derbyshire
E58001895,Long Eaton North ED,E10000007,Derbyshire
E58001896,Long Eaton South ED,E10000007,Derbyshire
E58001897,Matlock ED,E10000007,Derbyshire
E58001898,Melbourne & Woodville ED,E10000007,Derbyshire
E58001899,New Mills & Hayfield ED,E10000007,Derbyshire
E58001900,North Belper ED,E10000007,Derbyshire
E58001901,"North Wingfield, Pilsley & Morton ED",E10000007,Derbyshire
E58001902,Repton & Stenson ED,E10000007,Derbyshire
E58001903,Ripley East ED,E10000007,Derbyshire
E58001904,Ripley West & Crich ED,E10000007,Derbyshire
E58001905,Sandiacre ED,E10000007,Derbyshire
E58001906,Sawley ED,E10000007,Derbyshire
E58001907,Shirebrook & Pleasley ED,E10000007,Derbyshire
E58001908,Shirland & Wingerworth South ED,E10000007,Derbyshire
E58001909,South Belper & Holbrook ED,E10000007,Derbyshire
E58001910,South Normanton & Pinxton ED,E10000007,Derbyshire
E58001911,Spire ED,E10000007,Derbyshire
E58001912,Staveley ED,E10000007,Derbyshire
E58001913,Staveley North & Whittington ED,E10000007,Derbyshire
E58001914,Sutton ED,E10000007,Derbyshire
E58001915,Swadlincote East ED,E10000007,Derbyshire
E58001916,Swadlincote South ED,E10000007,Derbyshire
E58001917,Swadlincote West ED,E10000007,Derbyshire
E58001918,Swanwick & Riddings ED,E10000007,Derbyshire
E58001919,"Walton, Brampton & Boythorpe ED",E10000007,Derbyshire
E58001920,Whaley Bridge ED,E10000007,Derbyshire
E58001921,Wirksworth ED,E10000007,Derbyshire
E58000254,Alphington & Cowick ED,E10000008,Devon
E58000256,Axminster ED,E10000008,Devon
E58000257,Barnstaple North ED,E10000008,Devon
E58000258,Barnstaple South ED,E10000008,Devon
E58000259,Bickleigh & Wembury ED,E10000008,Devon
E58000260,Bideford East ED,E10000008,Devon
E58000261,Bideford West & Hartland ED,E10000008,Devon
E58000262,Bovey Rural ED,E10000008,Devon
E58000263,Braunton Rural ED,E10000008,Devon
E58000264,Broadclyst ED,E10000008,Devon
E58000265,Chudleigh & Teign Valley ED,E10000008,Devon
E58000266,Chulmleigh & Landkey ED,E10000008,Devon
E58000267,Combe Martin Rural ED,E10000008,Devon
E58000268,Crediton ED,E10000008,Devon
E58000269,"Creedy, Taw & Mid Exe ED",E10000008,Devon
E58000270,Cullompton & Bradninch ED,E10000008,Devon
E58000271,Dartmouth & Marldon ED,E10000008,Devon
E58000272,Dawlish ED,E10000008,Devon
E58000273,Duryard & Pennsylvania ED,E10000008,Devon
E58000274,Exminster & Haldon ED,E10000008,Devon
E58000275,Exmouth & Budleigh Salterton Coastal ED,E10000008,Devon
E58000276,Exmouth ED,E10000008,Devon
E58000277,Exwick & St. Thomas ED,E10000008,Devon
E58000278,Feniton & Honiton ED,E10000008,Devon
E58000279,Fremington Rural ED,E10000008,Devon
E58000280,Hatherleigh & Chagford ED,E10000008,Devon
E58000281,Heavitree & Whipton Barton ED,E10000008,Devon
E58000282,Holsworthy Rural ED,E10000008,Devon
E58000283,Ilfracombe ED,E10000008,Devon
E58000284,Ipplepen & The Kerswells ED,E10000008,Devon
E58000285,Ivybridge ED,E10000008,Devon
E58000286,Kingsbridge ED,E10000008,Devon
E58000287,Kingsteignton & Teign Estuary ED,E10000008,Devon
E58000288,Newton Abbot North ED,E10000008,Devon
E58000290,Northam ED,E10000008,Devon
E58000291,Okehampton Rural ED,E10000008,Devon
E58000292,Otter Valley ED,E10000008,Devon
E58000293,Pinhoe & Mincinglake ED,E10000008,Devon
E58000294,Salcombe ED,E10000008,Devon
E58000295,Seaton & Colyton ED,E10000008,Devon
E58000296,Sidmouth ED,E10000008,Devon
E58000297,South Brent & Yealmpton ED,E10000008,Devon
E58000298,South Molton ED,E10000008,Devon
E58000299,St. David's & Haven Banks ED,E10000008,Devon
E58000300,St. Sidwells & St. James ED,E10000008,Devon
E58000301,Tavistock ED,E10000008,Devon
E58000302,Teignmouth ED,E10000008,Devon
E58000304,Tiverton West ED,E10000008,Devon
E58000305,Torrington Rural ED,E10000008,Devon
E58000306,Totnes & Dartington ED,E10000008,Devon
E58000307,Wearside & Topsham ED,E10000008,Devon
E58000308,Whimple & Blackdown ED,E10000008,Devon
E58000310,Wonford & St. Loyes ED,E10000008,Devon
E58000311,Yelverton Rural ED,E10000008,Devon
E58001983,Ashburton & Buckfastleigh ED,E10000008,Devon
E58001984,Newton Abbot South ED,E10000008,Devon
E58002116,Tiverton East ED,E10000008,Devon
E58002117,Willand & Uffculme ED,E10000008,Devon
E58000352,"Arlington, East Hoathly & Hellingly ED",E10000011,East Sussex
E58000353,Ashdown & Conquest ED,E10000011,East Sussex
E58000354,Baird & Ore ED,E10000011,East Sussex
E58000355,Battle & Crowhurst ED,E10000011,East Sussex
E58000356,Bexhill East ED,E10000011,East Sussex
E58000357,Bexhill North ED,E10000011,East Sussex
E58000358,Bexhill South ED,E10000011,East Sussex
E58000359,Bexhill West ED,E10000011,East Sussex
E58000360,Braybrooke & Castle ED,E10000011,East Sussex
E58000361,Brede Valley & Marsham ED,E10000011,East Sussex
E58000362,Central St. Leonards & Gensing ED,E10000011,East Sussex
E58000363,Chailey ED,E10000011,East Sussex
E58000364,Crowborough North & Jarvis Brook ED,E10000011,East Sussex
E58000365,Crowborough South & St. Johns ED,E10000011,East Sussex
E58000366,Devonshire ED,E10000011,East Sussex
E58000367,Forest Row & Groombridge ED,E10000011,East Sussex
E58000368,Hailsham Market ED,E10000011,East Sussex
E58000369,Hailsham New Town ED,E10000011,East Sussex
E58000370,Hampden Park ED,E10000011,East Sussex
E58000371,Heathfield & Mayfield ED,E10000011,East Sussex
E58000372,Hollington & Wishing Tree ED,E10000011,East Sussex
E58000373,Langney ED,E10000011,East Sussex
E58000374,Lewes ED,E10000011,East Sussex
E58000375,Maresfield & Buxted ED,E10000011,East Sussex
E58000376,Maze Hill & West St. Leonards ED,E10000011,East Sussex
E58000377,Meads ED,E10000011,East Sussex
E58000378,Newhaven & Bishopstone ED,E10000011,East Sussex
E58000379,Northern Rother ED,E10000011,East Sussex
E58000380,Old Hastings & Tressell ED,E10000011,East Sussex
E58000381,Old Town ED,E10000011,East Sussex
E58000382,Ouse Valley West & Downs ED,E10000011,East Sussex
E58000383,Peacehaven ED,E10000011,East Sussex
E58000384,Pevensey & Stone Cross ED,E10000011,East Sussex
E58000385,Polegate & Watermill ED,E10000011,East Sussex
E58000386,Ratton ED,E10000011,East Sussex
E58000387,Ringmer & Lewes Bridge ED,E10000011,East Sussex
E58000388,Rother North West ED,E10000011,East Sussex
E58000389,Rye & Eastern Rother ED,E10000011,East Sussex
E58000390,Seaford North ED,E10000011,East Sussex
E58000391,Seaford South ED,E10000011,East Sussex
E58000392,Sovereign ED,E10000011,East Sussex
E58000393,St. Anthony's ED,E10000011,East Sussex
E58000394,St. Helens & Silverhill ED,E10000011,East Sussex
E58000395,Telscombe ED,E10000011,East Sussex
E58000396,Uckfield North ED,E10000011,East Sussex
E58000397,Uckfield South with Framfield ED,E10000011,East Sussex
E58000398,Upperton ED,E10000011,East Sussex
E58000399,Wealden East ED,E10000011,East Sussex
E58000400,Wealden North East ED,E10000011,East Sussex
E58000401,Willingdon & South Downs ED,E10000011,East Sussex
E58000402,Abbey ED,E10000012,Essex
E58000403,Basildon Laindon Park and Fryerns ED,E10000012,Essex
E58000404,Basildon Pitsea ED,E10000012,Essex
E58000405,Basildon Westley Heights ED,E10000012,Essex
E58000406,Billericay and Burstead ED,E10000012,Essex
E58000407,Bocking ED,E10000012,Essex
E58000408,Braintree Eastern ED,E10000012,Essex
E58000409,Braintree Town ED,E10000012,Essex
E58000410,Brentwood Hutton ED,E10000012,Essex
E58000411,Brentwood North ED,E10000012,Essex
E58000412,Brentwood Rural ED,E10000012,Essex
E58000413,Brentwood South ED,E10000012,Essex
E58000414,Brightlingsea ED,E10000012,Essex
E58000415,Broomfield and Writtle ED,E10000012,Essex
E58000416,Buckhurst Hill and Loughton South ED,E10000012,Essex
E58000417,Canvey Island East ED,E10000012,Essex
E58000418,Canvey Island West ED,E10000012,Essex
E58000419,Chelmer ED,E10000012,Essex
E58000420,Chelmsford Central ED,E10000012,Essex
E58000421,Chelmsford North ED,E10000012,Essex
E58000422,Chelmsford West ED,E10000012,Essex
E58000423,Chigwell and Loughton Broadway ED,E10000012,Essex
E58000424,Clacton East ED,E10000012,Essex
E58000425,Clacton North ED,E10000012,Essex
E58000426,Clacton West ED,E10000012,Essex
E58000427,Constable ED,E10000012,Essex
E58000428,Drury ED,E10000012,Essex
E58000430,Epping and Theydon Bois ED,E10000012,Essex
E58000431,Frinton and Walton ED,E10000012,Essex
E58000432,Great Baddow ED,E10000012,Essex
E58000433,Hadleigh ED,E10000012,Essex
E58000434,Halstead ED,E10000012,Essex
E58000435,Harlow North ED,E10000012,Essex
E58000436,Harlow South East ED,E10000012,Essex
E58000437,Harlow West ED,E10000012,Essex
E58000438,Harwich ED,E10000012,Essex
E58000439,Hedingham ED,E10000012,Essex
E58000440,Heybridge and Tollesbury ED,E10000012,Essex
E58000441,Loughton Central ED,E10000012,Essex
E58000442,Maldon ED,E10000012,Essex
E58000443,Maypole ED,E10000012,Essex
E58000444,Mersea and Tiptree ED,E10000012,Essex
E58000445,Mile End and Highwoods ED,E10000012,Essex
E58000446,North Weald and Nazeing ED,E10000012,Essex
E58000447,Ongar and Rural ED,E10000012,Essex
E58000448,Parsons Heath and East Gates ED,E10000012,Essex
E58000449,Rayleigh North ED,E10000012,Essex
E58000450,Rayleigh South ED,E10000012,Essex
E58000451,Rochford North ED,E10000012,Essex
E58000452,Rochford South ED,E10000012,Essex
E58000453,Rochford West ED,E10000012,Essex
E58000454,Saffron Walden ED,E10000012,Essex
E58000455,South Benfleet ED,E10000012,Essex
E58000456,South Woodham Ferrers ED,E10000012,Essex
E58000457,Southminster ED,E10000012,Essex
E58000458,Springfield ED,E10000012,Essex
E58000459,Stansted ED,E10000012,Essex
E58000460,Stanway and Pyefleet ED,E10000012,Essex
E58000461,Stock ED,E10000012,Essex
E58000462,Tendring Rural East ED,E10000012,Essex
E58000463,Tendring Rural West ED,E10000012,Essex
E58000465,Three Fields with Great Notley ED,E10000012,Essex
E58000466,Thundersley ED,E10000012,Essex
E58000467,Waltham Abbey ED,E10000012,Essex
E58000468,Wickford Crouch ED,E10000012,Essex
E58000469,Witham Northern ED,E10000012,Essex
E58000470,Witham Southern ED,E10000012,Essex
E58000471,Wivenhoe St. Andrew ED,E10000012,Essex
E58001757,Dunmow ED,E10000012,Essex
E58001758,Thaxted ED,E10000012,Essex
E58001985,Abbey ED,E10000013,Gloucestershire
E58001986,All Saints & Oakley ED,E10000013,Gloucestershire
E58001987,Barnwood & Hucclecote ED,E10000013,Gloucestershire
E58001988,Barton & Tredworth ED,E10000013,Gloucestershire
E58001989,Battledown & Charlton Kings ED,E10000013,Gloucestershire
E58001990,Benhall & Up Hatherley ED,E10000013,Gloucestershire
E58001991,Bishop's Cleeve ED,E10000013,Gloucestershire
E58001992,Bisley & Painswick ED,E10000013,Gloucestershire
E58001993,Blakeney & Bream ED,E10000013,Gloucestershire
E58001994,Bourton-on-the-Water & Northleach ED,E10000013,Gloucestershire
E58001995,Brockworth ED,E10000013,Gloucestershire
E58001996,Cam Valley ED,E10000013,Gloucestershire
E58001997,Campden-Vale ED,E10000013,Gloucestershire
E58001998,Charlton Park & College ED,E10000013,Gloucestershire
E58001999,Churchdown ED,E10000013,Gloucestershire
E58002000,Cinderford ED,E10000013,Gloucestershire
E58002001,Cirencester North with Ermin ED,E10000013,Gloucestershire
E58002002,Cirencester Park ED,E10000013,Gloucestershire
E58002003,Coleford ED,E10000013,Gloucestershire
E58002004,Coney Hill & Matson ED,E10000013,Gloucestershire
E58002005,Drybrook & Lydbrook ED,E10000013,Gloucestershire
E58002006,Dursley ED,E10000013,Gloucestershire
E58002007,Fairford & Lechlade on Thames ED,E10000013,Gloucestershire
E58002008,Grange & Kingsway ED,E10000013,Gloucestershire
E58002009,Hardwicke & Severn ED,E10000013,Gloucestershire
E58002010,Haresfield & Upton St Leonards ED,E10000013,Gloucestershire
E58002011,Hempsted & Westgate ED,E10000013,Gloucestershire
E58002012,Hesters Way & Springbank ED,E10000013,Gloucestershire
E58002013,Highnam ED,E10000013,Gloucestershire
E58002014,Kingsholm & Wotton ED,E10000013,Gloucestershire
E58002015,Lansdown & Park ED,E10000013,Gloucestershire
E58002016,Leckhampton & Warden Hill ED,E10000013,Gloucestershire
E58002017,Longlevens ED,E10000013,Gloucestershire
E58002018,Lydney ED,E10000013,Gloucestershire
E58002019,Minchinhampton ED,E10000013,Gloucestershire
E58002020,Mitcheldean ED,E10000013,Gloucestershire
E58002021,"Moreton, Stow & the Rissingtons ED",E10000013,Gloucestershire
E58002022,Nailsworth ED,E10000013,Gloucestershire
E58002023,Newent ED,E10000013,Gloucestershire
E58002024,Pittville & St Paul's ED,E10000013,Gloucestershire
E58002025,Prestbury & Swindon Village ED,E10000013,Gloucestershire
E58002026,Quedgeley ED,E10000013,Gloucestershire
E58002027,Rodborough ED,E10000013,Gloucestershire
E58002028,Sedbury ED,E10000013,Gloucestershire
E58002029,Severn Vale ED,E10000013,Gloucestershire
E58002030,South Cerney ED,E10000013,Gloucestershire
E58002031,St Mark's & St Peter's ED,E10000013,Gloucestershire
E58002032,Stonehouse ED,E10000013,Gloucestershire
E58002033,Stroud Central ED,E10000013,Gloucestershire
E58002034,Tetbury ED,E10000013,Gloucestershire
E58002035,Tewkesbury East ED,E10000013,Gloucestershire
E58002036,Tewkesbury West ED,E10000013,Gloucestershire
E58002037,Tuffley & Moreland ED,E10000013,Gloucestershire
E58002038,Winchcombe & Woodmancote ED,E10000013,Gloucestershire
E58002039,Wotton-under-Edge ED,E10000013,Gloucestershire
E58000525,Aldershot North ED,E10000014,Hampshire
E58000526,Aldershot South ED,E10000014,Hampshire
E58000527,Alton Rural ED,E10000014,Hampshire
E58000528,Alton Town ED,E10000014,Hampshire
E58000533,Basingstoke Central ED,E10000014,Hampshire
E58000534,Basingstoke North ED,E10000014,Hampshire
E58000535,Basingstoke North West ED,E10000014,Hampshire
E58000536,Basingstoke South East ED,E10000014,Hampshire
E58000537,Basingstoke South West ED,E10000014,Hampshire
E58000538,Bishops Waltham ED,E10000014,Hampshire
E58000539,Bishopstoke & Fair Oak ED,E10000014,Hampshire
E58000540,Botley & Hedge End North ED,E10000014,Hampshire
E58000541,Bridgemary ED,E10000014,Hampshire
E58000542,Brockenhurst ED,E10000014,Hampshire
E58000543,Calleva ED,E10000014,Hampshire
E58000544,"Candovers, Oakley & Overton ED",E10000014,Hampshire
E58000545,Catherington ED,E10000014,Hampshire
E58000546,Chandler's Ford ED,E10000014,Hampshire
E58000547,Church Crookham & Ewshot ED,E10000014,Hampshire
E58000548,Cowplain & Hart Plain ED,E10000014,Hampshire
E58000549,Dibden & Hythe ED,E10000014,Hampshire
E58000550,Eastleigh North ED,E10000014,Hampshire
E58000551,Eastleigh South ED,E10000014,Hampshire
E58000552,Emsworth & St. Faiths ED,E10000014,Hampshire
E58000553,Fareham Crofton ED,E10000014,Hampshire
E58000554,Fareham Portchester ED,E10000014,Hampshire
E58000555,Fareham Sarisbury ED,E10000014,Hampshire
E58000556,Fareham Titchfield ED,E10000014,Hampshire
E58000557,Fareham Town ED,E10000014,Hampshire
E58000558,Fareham Warsash ED,E10000014,Hampshire
E58000559,Farnborough North ED,E10000014,Hampshire
E58000560,Farnborough South ED,E10000014,Hampshire
E58000561,Farnborough West ED,E10000014,Hampshire
E58000562,Fleet Town ED,E10000014,Hampshire
E58000563,Hamble ED,E10000014,Hampshire
E58000564,Hardway ED,E10000014,Hampshire
E58000565,Hartley Wintney & Yateley West ED,E10000014,Hampshire
E58000566,Hayling Island ED,E10000014,Hampshire
E58000567,Hedge End & West End South ED,E10000014,Hampshire
E58000568,Itchen Valley ED,E10000014,Hampshire
E58000569,Lee ED,E10000014,Hampshire
E58000570,Leesland & Town ED,E10000014,Hampshire
E58000571,"Liphook, Headley & Grayshott ED",E10000014,Hampshire
E58000572,Loddon ED,E10000014,Hampshire
E58000573,Lymington & Boldre ED,E10000014,Hampshire
E58000574,Lyndhurst & Fordingbridge ED,E10000014,Hampshire
E58000575,Meon Valley ED,E10000014,Hampshire
E58000576,New Milton ED,E10000014,Hampshire
E58000577,"New Milton North, Milford & Hordle ED",E10000014,Hampshire
E58000578,North East Havant ED,E10000014,Hampshire
E58000579,North West Havant ED,E10000014,Hampshire
E58000580,Odiham & Hook ED,E10000014,Hampshire
E58000581,Petersfield Butser ED,E10000014,Hampshire
E58000582,Petersfield Hangers ED,E10000014,Hampshire
E58000583,Purbrook & Stakes South ED,E10000014,Hampshire
E58000584,Ringwood ED,E10000014,Hampshire
E58000587,South Waterside ED,E10000014,Hampshire
E58000588,Tadley & Baughurst ED,E10000014,Hampshire
E58000590,Totton North & Netley Marsh ED,E10000014,Hampshire
E58000591,Totton South & Marchwood ED,E10000014,Hampshire
E58000592,Waterloo & Stakes North ED,E10000014,Hampshire
E58000593,West End & Horton Heath ED,E10000014,Hampshire
E58000594,Whitchurch & The Cleres ED,E10000014,Hampshire
E58000595,"Whitehill, Bordon & Lindford ED",E10000014,Hampshire
E58000596,Winchester Downlands ED,E10000014,Hampshire
E58000597,Winchester Eastgate ED,E10000014,Hampshire
E58000598,Winchester Southern Parishes ED,E10000014,Hampshire
E58000599,Winchester Westgate ED,E10000014,Hampshire
E58000600,Yateley East & Blackwater ED,E10000014,Hampshire
E58001780,Andover North ED,E10000014,Hampshire
E58001781,Andover South ED,E10000014,Hampshire
E58001782,Andover West ED,E10000014,Hampshire
E58001783,Baddesley ED,E10000014,Hampshire
E58001784,Romsey Rural ED,E10000014,Hampshire
E58001785,Romsey Town ED,E10000014,Hampshire
E58001786,Test Valley Central ED,E10000014,Hampshire
E58000601,Abbots Langley ED,E10000015,Hertfordshire
E58000602,Baldock & Letchworth East ED,E10000015,Hertfordshire
E58000603,Bedwell ED,E10000015,Hertfordshire
E58000604,Berkhamsted ED,E10000015,Hertfordshire
E58000608,Borehamwood North ED,E10000015,Hertfordshire
E58000609,Borehamwood South ED,E10000015,Hertfordshire
E58000610,Bridgewater ED,E10000015,Hertfordshire
E58000611,Broadwater ED,E10000015,Hertfordshire
E58000612,Buntingford ED,E10000015,Hertfordshire
E58000613,Bushey North ED,E10000015,Hertfordshire
E58000614,Bushey South ED,E10000015,Hertfordshire
E58000615,Central Watford & Oxhey ED,E10000015,Hertfordshire
E58000616,Chells ED,E10000015,Hertfordshire
E58000617,Cheshunt Central ED,E10000015,Hertfordshire
E58000618,Colney Heath & Marshalswick ED,E10000015,Hertfordshire
E58000619,Croxley ED,E10000015,Hertfordshire
E58000620,Flamstead End & Turnford ED,E10000015,Hertfordshire
E58000621,Goffs Oak & Bury Green ED,E10000015,Hertfordshire
E58000622,Haldens ED,E10000015,Hertfordshire
E58000623,Handside & Peartree ED,E10000015,Hertfordshire
E58000624,Harpenden North East ED,E10000015,Hertfordshire
E58000625,Harpenden Rural ED,E10000015,Hertfordshire
E58000626,Harpenden South West ED,E10000015,Hertfordshire
E58000627,Hatfield East ED,E10000015,Hertfordshire
E58000628,Hatfield North ED,E10000015,Hertfordshire
E58000629,Hatfield Rural ED,E10000015,Hertfordshire
E58000630,Hatfield South ED,E10000015,Hertfordshire
E58000631,Hemel Hempstead East ED,E10000015,Hertfordshire
E58000632,Hemel Hempstead North East ED,E10000015,Hertfordshire
E58000633,Hemel Hempstead North West ED,E10000015,Hertfordshire
E58000634,Hemel Hempstead South East ED,E10000015,Hertfordshire
E58000635,Hemel Hempstead St. Pauls ED,E10000015,Hertfordshire
E58000636,Hemel Hempstead Town ED,E10000015,Hertfordshire
E58000637,Hertford All Saints ED,E10000015,Hertfordshire
E58000638,Hertford Rural ED,E10000015,Hertfordshire
E58000639,Hertford St. Andrews ED,E10000015,Hertfordshire
E58000640,Hitchin North ED,E10000015,Hertfordshire
E58000641,Hitchin Rural ED,E10000015,Hertfordshire
E58000642,Hitchin South ED,E10000015,Hertfordshire
E58000643,Hoddesdon North ED,E10000015,Hertfordshire
E58000644,Hoddesdon South ED,E10000015,Hertfordshire
E58000645,Kings Langley ED,E10000015,Hertfordshire
E58000646,Knebworth & Codicote ED,E10000015,Hertfordshire
E58000647,Letchworth North ED,E10000015,Hertfordshire
E58000648,Letchworth South ED,E10000015,Hertfordshire
E58000649,London Colney ED,E10000015,Hertfordshire
E58000650,Meriden Tudor ED,E10000015,Hertfordshire
E58000651,Nascot Park ED,E10000015,Hertfordshire
E58000652,North Watford ED,E10000015,Hertfordshire
E58000653,Old Stevenage ED,E10000015,Hertfordshire
E58000654,Potters Bar East ED,E10000015,Hertfordshire
E58000655,Potters Bar West & Shenley ED,E10000015,Hertfordshire
E58000656,Rickmansworth East & Oxhey Park ED,E10000015,Hertfordshire
E58000657,Rickmansworth West ED,E10000015,Hertfordshire
E58000658,Royston East & Ermine ED,E10000015,Hertfordshire
E58000659,Royston West & Rural ED,E10000015,Hertfordshire
E58000660,Sawbridgeworth ED,E10000015,Hertfordshire
E58000661,Shephall ED,E10000015,Hertfordshire
E58000662,South Oxhey & Eastbury ED,E10000015,Hertfordshire
E58000663,St. Albans Central ED,E10000015,Hertfordshire
E58000664,St. Albans East ED,E10000015,Hertfordshire
E58000665,St. Albans North ED,E10000015,Hertfordshire
E58000666,St. Albans South ED,E10000015,Hertfordshire
E58000667,St. Nicholas ED,E10000015,Hertfordshire
E58000668,St. Stephen's ED,E10000015,Hertfordshire
E58000669,Three Rivers Rural ED,E10000015,Hertfordshire
E58000670,Tring ED,E10000015,Hertfordshire
E58000671,Waltham Cross ED,E10000015,Hertfordshire
E58000672,Ware North ED,E10000015,Hertfordshire
E58000673,Ware South ED,E10000015,Hertfordshire
E58000674,Watling ED,E10000015,Hertfordshire
E58000675,Welwyn ED,E10000015,Hertfordshire
E58000676,Welwyn Garden City South ED,E10000015,Hertfordshire
E58000677,West Watford ED,E10000015,Hertfordshire
E58000678,Woodside Stanborough ED,E10000015,Hertfordshire
E58001775,Bishop's Stortford East ED,E10000015,Hertfordshire
E58001776,Bishop's Stortford Rural ED,E10000015,Hertfordshire
E58001777,Bishop's Stortford West ED,E10000015,Hertfordshire
E58000684,Ashford South ED,E10000016,Kent
E58000685,Birchington & Rural ED,E10000016,Kent
E58000686,Broadstairs ED,E10000016,Kent
E58000687,Canterbury City North ED,E10000016,Kent
E58000689,Canterbury North ED,E10000016,Kent
E58000691,"Cheriton, Sandgate & Hythe East ED",E10000016,Kent
E58000692,Cliftonville ED,E10000016,Kent
E58000693,Cranbrook ED,E10000016,Kent
E58000694,Dartford East ED,E10000016,Kent
E58000695,Dartford North East ED,E10000016,Kent
E58000696,Dartford Rural ED,E10000016,Kent
E58000697,Dartford West ED,E10000016,Kent
E58000698,Deal & Walmer ED,E10000016,Kent
E58000699,Dover North ED,E10000016,Kent
E58000700,Dover Town ED,E10000016,Kent
E58000701,Dover West ED,E10000016,Kent
E58000702,Elham Valley ED,E10000016,Kent
E58000703,Faversham ED,E10000016,Kent
E58000704,Folkestone East ED,E10000016,Kent
E58000705,Folkestone West ED,E10000016,Kent
E58000706,Gravesend East ED,E10000016,Kent
E58000707,Gravesham Rural ED,E10000016,Kent
E58000708,Herne Bay East ED,E10000016,Kent
E58000709,Herne Village & Sturry ED,E10000016,Kent
E58000710,Hythe West ED,E10000016,Kent
E58000712,Maidstone North East ED,E10000016,Kent
E58000720,Malling North East ED,E10000016,Kent
E58000721,Malling North ED,E10000016,Kent
E58000723,Malling West ED,E10000016,Kent
E58000724,Margate ED,E10000016,Kent
E58000725,Northfleet & Gravesend West ED,E10000016,Kent
E58000726,Ramsgate ED,E10000016,Kent
E58000727,Romney Marsh ED,E10000016,Kent
E58000728,Sandwich ED,E10000016,Kent
E58000729,Sevenoaks North & Darent Valley ED,E10000016,Kent
E58000730,Sevenoaks Rural North East ED,E10000016,Kent
E58000731,Sevenoaks Rural South ED,E10000016,Kent
E58000732,Sevenoaks Town ED,E10000016,Kent
E58000733,Sevenoaks West ED,E10000016,Kent
E58000734,Sheppey ED,E10000016,Kent
E58000735,Sittingbourne North ED,E10000016,Kent
E58000736,Sittingbourne South ED,E10000016,Kent
E58000737,Swale East ED,E10000016,Kent
E58000738,Swale West ED,E10000016,Kent
E58000739,Swanley ED,E10000016,Kent
E58000740,Swanscombe & Greenhithe ED,E10000016,Kent
E58000741,Tenterden ED,E10000016,Kent
E58000742,Tonbridge ED,E10000016,Kent
E58000743,Tunbridge Wells East ED,E10000016,Kent
E58000744,Tunbridge Wells North ED,E10000016,Kent
E58000745,Tunbridge Wells Rural ED,E10000016,Kent
E58000746,Tunbridge Wells South ED,E10000016,Kent
E58000747,Tunbridge Wells West ED,E10000016,Kent
E58000748,Whitstable East & Herne Bay West ED,E10000016,Kent
E58000749,Whitstable West ED,E10000016,Kent
E58000750,Wilmington ED,E10000016,Kent
E58001725,Ashford Rural East ED,E10000016,Kent
E58001787,Canterbury City South ED,E10000016,Kent
E58001788,Canterbury South ED,E10000016,Kent
E58001789,Malling Central ED,E10000016,Kent
E58001790,Malling Rural East ED,E10000016,Kent
E58001975,Ashford Central ED,E10000016,Kent
E58001976,Ashford East ED,E10000016,Kent
E58001977,Ashford Rural South ED,E10000016,Kent
E58001978,Ashford Rural West ED,E10000016,Kent
E58002109,Maidstone Central ED,E10000016,Kent
E58002110,Maidstone Rural East ED,E10000016,Kent
E58002111,Maidstone Rural North ED,E10000016,Kent
E58002112,Maidstone Rural South ED,E10000016,Kent
E58002113,Maidstone Rural West ED,E10000016,Kent
E58002114,Maidstone South East ED,E10000016,Kent
E58002115,Maidstone South ED,E10000016,Kent
E58000751,Accrington North ED,E10000017,Lancashire
E58000752,Accrington South ED,E10000017,Lancashire
E58000753,Accrington West & Oswaldtwistle Central ED,E10000017,Lancashire
E58000754,Brierfield & Nelson West ED,E10000017,Lancashire
E58000755,Burnley Central East ED,E10000017,Lancashire
E58000756,Burnley Central West ED,E10000017,Lancashire
E58000757,Burnley North East ED,E10000017,Lancashire
E58000758,Burnley Rural ED,E10000017,Lancashire
E58000759,Burnley South West ED,E10000017,Lancashire
E58000760,Burscough & Rufford ED,E10000017,Lancashire
E58000761,Chorley Central ED,E10000017,Lancashire
E58000762,Chorley North ED,E10000017,Lancashire
E58000763,Chorley Rural East ED,E10000017,Lancashire
E58000764,Chorley Rural West ED,E10000017,Lancashire
E58000765,Chorley South ED,E10000017,Lancashire
E58000766,Clayton with Whittle ED,E10000017,Lancashire
E58000767,Cleveleys East ED,E10000017,Lancashire
E58000768,Cleveleys South & Carleton ED,E10000017,Lancashire
E58000769,Clitheroe ED,E10000017,Lancashire
E58000770,"Euxton, Buckshaw & Astley ED",E10000017,Lancashire
E58000771,Fleetwood East ED,E10000017,Lancashire
E58000772,Fleetwood West & Cleveleys West ED,E10000017,Lancashire
E58000773,Fylde East ED,E10000017,Lancashire
E58000774,Fylde South ED,E10000017,Lancashire
E58000775,Fylde West ED,E10000017,Lancashire
E58000776,"Great Harwood, Rishton & Clayton-le-Moors ED",E10000017,Lancashire
E58000777,Heysham ED,E10000017,Lancashire
E58000778,Hoghton with Wheelton ED,E10000017,Lancashire
E58000779,Lancaster Central ED,E10000017,Lancashire
E58000780,Lancaster East ED,E10000017,Lancashire
E58000781,Lancaster Rural East ED,E10000017,Lancashire
E58000782,Lancaster Rural North ED,E10000017,Lancashire
E58000783,Lancaster South East ED,E10000017,Lancashire
E58000784,Leyland Central ED,E10000017,Lancashire
E58000785,Leyland South ED,E10000017,Lancashire
E58000786,Longridge with Bowland ED,E10000017,Lancashire
E58000787,Lostock Hall & Bamber Bridge ED,E10000017,Lancashire
E58000788,Lytham ED,E10000017,Lancashire
E58000789,Mid-Rossendale ED,E10000017,Lancashire
E58000790,Morecambe Central ED,E10000017,Lancashire
E58000791,Morecambe North ED,E10000017,Lancashire
E58000792,Morecambe South ED,E10000017,Lancashire
E58000793,Moss Side & Farington ED,E10000017,Lancashire
E58000794,Nelson East ED,E10000017,Lancashire
E58000795,Ormskirk ED,E10000017,Lancashire
E58000796,Oswaldtwistle ED,E10000017,Lancashire
E58000797,Padiham & Burnley West ED,E10000017,Lancashire
E58000798,Pendle Central ED,E10000017,Lancashire
E58000799,Pendle Hill ED,E10000017,Lancashire
E58000800,Pendle Rural ED,E10000017,Lancashire
E58000801,Penwortham East & Walton-le-Dale ED,E10000017,Lancashire
E58000802,Penwortham West ED,E10000017,Lancashire
E58000803,Poulton-le-Fylde ED,E10000017,Lancashire
E58000804,Preston Central East ED,E10000017,Lancashire
E58000805,Preston Central West ED,E10000017,Lancashire
E58000806,Preston City ED,E10000017,Lancashire
E58000807,Preston East ED,E10000017,Lancashire
E58000808,Preston North ED,E10000017,Lancashire
E58000809,Preston Rural ED,E10000017,Lancashire
E58000810,Preston South East ED,E10000017,Lancashire
E58000811,Preston South West ED,E10000017,Lancashire
E58000812,Preston West ED,E10000017,Lancashire
E58000813,Ribble Valley North East ED,E10000017,Lancashire
E58000814,Ribble Valley South West ED,E10000017,Lancashire
E58000815,Rossendale East ED,E10000017,Lancashire
E58000816,Rossendale South ED,E10000017,Lancashire
E58000817,Rossendale West ED,E10000017,Lancashire
E58000818,Skelmersdale Central ED,E10000017,Lancashire
E58000819,Skelmersdale East ED,E10000017,Lancashire
E58000820,Skelmersdale West ED,E10000017,Lancashire
E58000821,Skerton ED,E10000017,Lancashire
E58000822,South Ribble East ED,E10000017,Lancashire
E58000823,South Ribble West ED,E10000017,Lancashire
E58000824,St. Annes North ED,E10000017,Lancashire
E58000825,St. Annes South ED,E10000017,Lancashire
E58000826,Thornton & Hambleton ED,E10000017,Lancashire
E58000827,West Lancashire East ED,E10000017,Lancashire
E58000828,West Lancashire North ED,E10000017,Lancashire
E58000829,West Lancashire West ED,E10000017,Lancashire
E58000830,Whitworth & Bacup ED,E10000017,Lancashire
E58000831,Wyre Rural Central ED,E10000017,Lancashire
E58000832,Wyre Rural East ED,E10000017,Lancashire
E58000833,Ashby de la Zouch ED,E10000018,Leicestershire
E58000834,Belvoir ED,E10000018,Leicestershire
E58000835,Birstall ED,E10000018,Leicestershire
E58000836,Blaby & Glen Parva ED,E10000018,Leicestershire
E58000837,Bradgate ED,E10000018,Leicestershire
E58000838,Braunstone ED,E10000018,Leicestershire
E58000839,Broughton Astley ED,E10000018,Leicestershire
E58000840,Bruntingthorpe ED,E10000018,Leicestershire
E58000841,Burbage ED,E10000018,Leicestershire
E58000842,Castle Donington & Kegworth ED,E10000018,Leicestershire
E58000843,Coalville North ED,E10000018,Leicestershire
E58000844,Coalville South ED,E10000018,Leicestershire
E58000845,Cosby & Countesthorpe ED,E10000018,Leicestershire
E58000846,De Montfort ED,E10000018,Leicestershire
E58000847,Earl Shilton ED,E10000018,Leicestershire
E58000848,East Wigston ED,E10000018,Leicestershire
E58000849,Enderby & Lubbesthorpe ED,E10000018,Leicestershire
E58000850,Forest & Measham ED,E10000018,Leicestershire
E58000851,Gartree ED,E10000018,Leicestershire
E58000852,"Glenfields, Kirby Muxloe & Leicester Forests ED",E10000018,Leicestershire
E58000853,Groby & Ratby ED,E10000018,Leicestershire
E58000854,Hollycroft ED,E10000018,Leicestershire
E58000855,Ibstock & Appleby ED,E10000018,Leicestershire
E58000856,Launde ED,E10000018,Leicestershire
E58000857,Loughborough East ED,E10000018,Leicestershire
E58000858,Loughborough North ED,E10000018,Leicestershire
E58000859,Loughborough North West ED,E10000018,Leicestershire
E58000860,Loughborough South ED,E10000018,Leicestershire
E58000861,Loughborough South West ED,E10000018,Leicestershire
E58000862,Lutterworth ED,E10000018,Leicestershire
E58000863,Mallory ED,E10000018,Leicestershire
E58000864,Market Bosworth ED,E10000018,Leicestershire
E58000865,Market Harborough East ED,E10000018,Leicestershire
E58000866,Market Harborough West & Foxton ED,E10000018,Leicestershire
E58000867,"Markfield, Desford & Thornton ED",E10000018,Leicestershire
E58000868,Melton East ED,E10000018,Leicestershire
E58000869,Melton West ED,E10000018,Leicestershire
E58000870,Melton Wolds ED,E10000018,Leicestershire
E58000871,Narborough & Whetstone ED,E10000018,Leicestershire
E58000872,North Wigston ED,E10000018,Leicestershire
E58000873,Oadby ED,E10000018,Leicestershire
E58000874,Quorn & Barrow ED,E10000018,Leicestershire
E58000875,Rothley & Mountsorrel ED,E10000018,Leicestershire
E58000876,Shepshed ED,E10000018,Leicestershire
E58000877,Sileby & The Wolds ED,E10000018,Leicestershire
E58000878,South & West Wigston ED,E10000018,Leicestershire
E58000879,St. Marys ED,E10000018,Leicestershire
E58000880,Stoney Stanton & Croft ED,E10000018,Leicestershire
E58000881,Syston Fosse ED,E10000018,Leicestershire
E58000882,Syston Ridgeway ED,E10000018,Leicestershire
E58000883,Thurmaston Ridgemere ED,E10000018,Leicestershire
E58000884,Valley ED,E10000018,Leicestershire
E58000885,Whitwick ED,E10000018,Leicestershire
E58000886,Alford & Sutton ED,E10000019,Lincolnshire
E58000887,Bardney & Cherry Willingham ED,E10000019,Lincolnshire
E58000888,Bassingham & Welbourn ED,E10000019,Lincolnshire
E58000889,Birchwood ED,E10000019,Lincolnshire
E58000890,Boston Coastal ED,E10000019,Lincolnshire
E58000891,Boston North ED,E10000019,Lincolnshire
E58000892,Boston Rural ED,E10000019,Lincolnshire
E58000893,Boston South ED,E10000019,Lincolnshire
E58000894,Boston West ED,E10000019,Lincolnshire
E58000895,Boultham ED,E10000019,Lincolnshire
E58000896,Bourne North and Morton ED,E10000019,Lincolnshire
E58000897,Bourne South and Thurlby ED,E10000019,Lincolnshire
E58000898,Carholme ED,E10000019,Lincolnshire
E58000899,Colsterworth Rural ED,E10000019,Lincolnshire
E58000900,Crowland ED,E10000019,Lincolnshire
E58000901,Deepings East ED,E10000019,Lincolnshire
E58000902,Deepings West and Rural ED,E10000019,Lincolnshire
E58000903,Donington Rural ED,E10000019,Lincolnshire
E58000904,Eagle & Hykeham West ED,E10000019,Lincolnshire
E58000905,Ermine & Cathedral ED,E10000019,Lincolnshire
E58000906,Folkingham Rural ED,E10000019,Lincolnshire
E58000907,Gainsborough Hill ED,E10000019,Lincolnshire
E58000908,Gainsborough Rural South ED,E10000019,Lincolnshire
E58000909,Gainsborough Trent ED,E10000019,Lincolnshire
E58000910,Grantham Barrowby ED,E10000019,Lincolnshire
E58000911,Grantham East ED,E10000019,Lincolnshire
E58000912,Grantham North ED,E10000019,Lincolnshire
E58000913,Grantham South ED,E10000019,Lincolnshire
E58000914,Grantham West ED,E10000019,Lincolnshire
E58000915,Hartsholme ED,E10000019,Lincolnshire
E58000916,Heckington ED,E10000019,Lincolnshire
E58000917,Holbeach ED,E10000019,Lincolnshire
E58000918,Holbeach Rural ED,E10000019,Lincolnshire
E58000919,Horncastle & the Keals ED,E10000019,Lincolnshire
E58000920,Hough ED,E10000019,Lincolnshire
E58000921,Hykeham Forum ED,E10000019,Lincolnshire
E58000922,Ingoldmells Rural ED,E10000019,Lincolnshire
E58000923,Louth North ED,E10000019,Lincolnshire
E58000924,Louth South ED,E10000019,Lincolnshire
E58000925,Louth Wolds ED,E10000019,Lincolnshire
E58000926,Mablethorpe ED,E10000019,Lincolnshire
E58000927,Market Rasen Wolds ED,E10000019,Lincolnshire
E58000928,Metheringham Rural ED,E10000019,Lincolnshire
E58000929,Nettleham & Saxilby ED,E10000019,Lincolnshire
E58000930,North Wolds ED,E10000019,Lincolnshire
E58000931,Park ED,E10000019,Lincolnshire
E58000932,Potterhanworth & Coleby ED,E10000019,Lincolnshire
E58000933,Ruskington ED,E10000019,Lincolnshire
E58000934,Saltfleet & the Cotes ED,E10000019,Lincolnshire
E58000935,Scotter Rural ED,E10000019,Lincolnshire
E58000936,Skegness North ED,E10000019,Lincolnshire
E58000937,Skegness South ED,E10000019,Lincolnshire
E58000938,Skirbeck ED,E10000019,Lincolnshire
E58000939,Sleaford ED,E10000019,Lincolnshire
E58000940,Sleaford Rural ED,E10000019,Lincolnshire
E58000941,Spalding East ED,E10000019,Lincolnshire
E58000942,Spalding Elloe ED,E10000019,Lincolnshire
E58000943,Spalding South ED,E10000019,Lincolnshire
E58000944,Spalding West ED,E10000019,Lincolnshire
E58000945,St. Giles ED,E10000019,Lincolnshire
E58000946,Stamford East ED,E10000019,Lincolnshire
E58000947,Stamford West ED,E10000019,Lincolnshire
E58000948,Swallow Beck & Witham ED,E10000019,Lincolnshire
E58000949,Tattershall Castle ED,E10000019,Lincolnshire
E58000950,The Suttons ED,E10000019,Lincolnshire
E58000951,Waddington & Hykeham East ED,E10000019,Lincolnshire
E58000952,Wainfleet ED,E10000019,Lincolnshire
E58000953,Washingborough ED,E10000019,Lincolnshire
E58000954,Welton Rural ED,E10000019,Lincolnshire
E58000955,Woodhall Spa & Wragby ED,E10000019,Lincolnshire
E58000956,Acle ED,E10000020,Norfolk
E58000957,Attleborough ED,E10000020,Norfolk
E58000958,Aylsham ED,E10000020,Norfolk
E58000959,Blofield and Brundall ED,E10000020,Norfolk
E58000960,Bowthorpe ED,E10000020,Norfolk
E58000961,Breydon ED,E10000020,Norfolk
E58000962,Caister-on-Sea ED,E10000020,Norfolk
E58000963,Catton Grove ED,E10000020,Norfolk
E58000964,Clavering ED,E10000020,Norfolk
E58000965,Clenchwarton and King's Lynn South ED,E10000020,Norfolk
E58000967,Crome ED,E10000020,Norfolk
E58000968,Cromer ED,E10000020,Norfolk
E58000969,Dereham North ED,E10000020,Norfolk
E58000970,Dereham South ED,E10000020,Norfolk
E58000971,Dersingham ED,E10000020,Norfolk
E58000972,Diss and Roydon ED,E10000020,Norfolk
E58000973,Docking ED,E10000020,Norfolk
E58000974,Downham Market ED,E10000020,Norfolk
E58000975,Drayton and Horsford ED,E10000020,Norfolk
E58000976,East Depwade ED,E10000020,Norfolk
E58000977,East Flegg ED,E10000020,Norfolk
E58000978,Eaton ED,E10000020,Norfolk
E58000979,Elmham and Mattishall ED,E10000020,Norfolk
E58000980,Fakenham ED,E10000020,Norfolk
E58000981,Feltwell ED,E10000020,Norfolk
E58000982,Fincham ED,E10000020,Norfolk
E58000983,Forehoe ED,E10000020,Norfolk
E58000984,Freebridge Lynn ED,E10000020,Norfolk
E58000985,Gayton and Nar Valley ED,E10000020,Norfolk
E58000986,Gaywood North and Central ED,E10000020,Norfolk
E58000987,Gaywood South ED,E10000020,Norfolk
E58000988,Gorleston St. Andrews ED,E10000020,Norfolk
E58000989,Guiltcross ED,E10000020,Norfolk
E58000990,Hellesdon ED,E10000020,Norfolk
E58000991,Henstead ED,E10000020,Norfolk
E58000992,Hevingham and Spixworth ED,E10000020,Norfolk
E58000993,Hingham ED,E10000020,Norfolk
E58000994,Holt ED,E10000020,Norfolk
E58000995,Hoveton and Stalham ED,E10000020,Norfolk
E58000997,King's Lynn North and Central ED,E10000020,Norfolk
E58000998,Lakenham ED,E10000020,Norfolk
E58000999,Loddon ED,E10000020,Norfolk
E58001000,Long Stratton ED,E10000020,Norfolk
E58001001,Lothingland ED,E10000020,Norfolk
E58001002,Magdalen ED,E10000020,Norfolk
E58001003,Mancroft ED,E10000020,Norfolk
E58001004,Marshland North ED,E10000020,Norfolk
E58001005,Marshland South ED,E10000020,Norfolk
E58001006,Melton Constable ED,E10000020,Norfolk
E58001007,Mile Cross ED,E10000020,Norfolk
E58001008,Mundesley ED,E10000020,Norfolk
E58001009,Necton and Launditch ED,E10000020,Norfolk
E58001010,Nelson ED,E10000020,Norfolk
E58001011,North Coast ED,E10000020,Norfolk
E58001012,North Walsham East ED,E10000020,Norfolk
E58001013,North Walsham West and Erpingham ED,E10000020,Norfolk
E58001014,Old Catton ED,E10000020,Norfolk
E58001015,Reepham ED,E10000020,Norfolk
E58001016,Sewell ED,E10000020,Norfolk
E58001017,Sheringham ED,E10000020,Norfolk
E58001018,South Smallburgh ED,E10000020,Norfolk
E58001019,Sprowston ED,E10000020,Norfolk
E58001020,Swaffham ED,E10000020,Norfolk
E58001021,Taverham ED,E10000020,Norfolk
E58001022,The Brecks ED,E10000020,Norfolk
E58001023,Thetford East ED,E10000020,Norfolk
E58001024,Thetford West ED,E10000020,Norfolk
E58001025,Thorpe Hamlet ED,E10000020,Norfolk
E58001026,Thorpe St. Andrew ED,E10000020,Norfolk
E58001028,Town Close ED,E10000020,Norfolk
E58001029,University ED,E10000020,Norfolk
E58001030,Watton ED,E10000020,Norfolk
E58001031,Wells ED,E10000020,Norfolk
E58001032,Wensum ED,E10000020,Norfolk
E58001033,West Depwade ED,E10000020,Norfolk
E58001034,West Flegg ED,E10000020,Norfolk
E58001035,Woodside ED,E10000020,Norfolk
E58001036,Wroxham ED,E10000020,Norfolk
E58001037,Wymondham ED,E10000020,Norfolk
E58001038,Yare and All Saints ED,E10000020,Norfolk
E58001039,Yarmouth Nelson and Southtown ED,E10000020,Norfolk
E58001040,Yarmouth North and Central ED,E10000020,Norfolk
E58001778,Costessey ED,E10000020,Norfolk
E58001779,Humbleyard ED,E10000020,Norfolk
E58001166,Arnold North ED,E10000024,Nottinghamshire
E58001167,Arnold South ED,E10000024,Nottinghamshire
E58001168,Ashfields ED,E10000024,Nottinghamshire
E58001169,Balderton ED,E10000024,Nottinghamshire
E58001170,Beeston Central & Rylands ED,E10000024,Nottinghamshire
E58001171,Bingham East ED,E10000024,Nottinghamshire
E58001172,Bingham West ED,E10000024,Nottinghamshire
E58001173,Blidworth ED,E10000024,Nottinghamshire
E58001174,Blyth & Harworth ED,E10000024,Nottinghamshire
E58001176,Calverton ED,E10000024,Nottinghamshire
E58001177,Carlton East ED,E10000024,Nottinghamshire
E58001178,Carlton West ED,E10000024,Nottinghamshire
E58001179,Collingham ED,E10000024,Nottinghamshire
E58001180,Cotgrave ED,E10000024,Nottinghamshire
E58001181,Eastwood ED,E10000024,Nottinghamshire
E58001182,Farndon & Trent ED,E10000024,Nottinghamshire
E58001184,Hucknall North ED,E10000024,Nottinghamshire
E58001185,Hucknall South ED,E10000024,Nottinghamshire
E58001186,Hucknall West ED,E10000024,Nottinghamshire
E58001187,Keyworth ED,E10000024,Nottinghamshire
E58001188,Kirkby North ED,E10000024,Nottinghamshire
E58001189,Kirkby South ED,E10000024,Nottinghamshire
E58001190,Leake & Ruddington ED,E10000024,Nottinghamshire
E58001191,Mansfield East ED,E10000024,Nottinghamshire
E58001192,Mansfield North ED,E10000024,Nottinghamshire
E58001193,Mansfield South ED,E10000024,Nottinghamshire
E58001194,Mansfield West ED,E10000024,Nottinghamshire
E58001195,Misterton ED,E10000024,Nottinghamshire
E58001196,Muskham & Farnsfield ED,E10000024,Nottinghamshire
E58001197,Newark East ED,E10000024,Nottinghamshire
E58001198,Newark West ED,E10000024,Nottinghamshire
E58001199,Newstead ED,E10000024,Nottinghamshire
E58001201,Ollerton ED,E10000024,Nottinghamshire
E58001202,Radcliffe on Trent ED,E10000024,Nottinghamshire
E58001203,Retford East ED,E10000024,Nottinghamshire
E58001204,Retford West ED,E10000024,Nottinghamshire
E58001205,Selston ED,E10000024,Nottinghamshire
E58001206,Sherwood Forest ED,E10000024,Nottinghamshire
E58001207,Southwell ED,E10000024,Nottinghamshire
E58001209,Sutton Central & East ED,E10000024,Nottinghamshire
E58001210,Sutton North ED,E10000024,Nottinghamshire
E58001211,Sutton West ED,E10000024,Nottinghamshire
E58001212,"Toton, Chilwell & Attenborough ED",E10000024,Nottinghamshire
E58001213,Tuxford ED,E10000024,Nottinghamshire
E58001214,Warsop ED,E10000024,Nottinghamshire
E58001215,West Bridgford North ED,E10000024,Nottinghamshire
E58001216,West Bridgford South ED,E10000024,Nottinghamshire
E58001217,West Bridgford West ED,E10000024,Nottinghamshire
E58001218,Worksop East ED,E10000024,Nottinghamshire
E58001219,Worksop North ED,E10000024,Nottinghamshire
E58001220,Worksop South ED,E10000024,Nottinghamshire
E58001221,Worksop West ED,E10000024,Nottinghamshire
E58001979,Bramcote & Beeston North ED,E10000024,Nottinghamshire
E58001980,Greasley & Brinsley ED,E10000024,Nottinghamshire
E58001981,Nuthall & Kimberley ED,E10000024,Nottinghamshire
E58001982,Stapleford & Broxtowe Central ED,E10000024,Nottinghamshire
E58002040,Abingdon East ED,E10000025,Oxfordshire
E58002041,Abingdon North ED,E10000025,Oxfordshire
E58002042,Abingdon South ED,E10000025,Oxfordshire
E58002043,"Adderbury, Bloxham & Bodicote ED",E10000025,Oxfordshire
E58002044,Bampton & Carterton South ED,E10000025,Oxfordshire
E58002045,Banbury Calthorpe ED,E10000025,Oxfordshire
E58002046,Banbury Easington ED,E10000025,Oxfordshire
E58002047,Banbury Grimsbury & Castle ED,E10000025,Oxfordshire
E58002048,Banbury Hardwick ED,E10000025,Oxfordshire
E58002049,Banbury Ruscote ED,E10000025,Oxfordshire
E58002050,Bartlemas ED,E10000025,Oxfordshire
E58002051,"Barton, Sandhills & Risinghurst ED",E10000025,Oxfordshire
E58002052,Benson & Crowmarsh ED,E10000025,Oxfordshire
E58002053,Berinsfield & Garsington ED,E10000025,Oxfordshire
E58002054,Bicester East ED,E10000025,Oxfordshire
E58002055,Bicester North ED,E10000025,Oxfordshire
E58002056,Bicester South ED,E10000025,Oxfordshire
E58002057,Bicester West ED,E10000025,Oxfordshire
E58002058,Brize Norton & Carterton East ED,E10000025,Oxfordshire
E58002059,Burford & Carterton West ED,E10000025,Oxfordshire
E58002060,Chalgrove & Thame West ED,E10000025,Oxfordshire
E58002061,Charlbury & Wychwood ED,E10000025,Oxfordshire
E58002062,"Charlton, Ardington & Hendreds ED",E10000025,Oxfordshire
E58002063,Chesterton & Launton ED,E10000025,Oxfordshire
E58002064,Chinnor ED,E10000025,Oxfordshire
E58002065,Chipping Norton ED,E10000025,Oxfordshire
E58002066,Cholsey & The Hagbournes ED,E10000025,Oxfordshire
E58002067,Churchill & Lye Valley ED,E10000025,Oxfordshire
E58002068,Cowley ED,E10000025,Oxfordshire
E58002069,Cropredy & Hook Norton ED,E10000025,Oxfordshire
E58002070,Deddington ED,E10000025,Oxfordshire
E58002071,Didcot Ladygrove ED,E10000025,Oxfordshire
E58002072,Didcot South ED,E10000025,Oxfordshire
E58002073,Didcot West ED,E10000025,Oxfordshire
E58002074,"Drayton, Sutton Courtenay & Steventon ED",E10000025,Oxfordshire
E58002075,Eynsham ED,E10000025,Oxfordshire
E58002076,Faringdon ED,E10000025,Oxfordshire
E58002077,Goring & Woodcote ED,E10000025,Oxfordshire
E58002078,Grove ED,E10000025,Oxfordshire
E58002079,Hanborough & Hailey ED,E10000025,Oxfordshire
E58002080,"Harwell, Western Valley & Blewbury ED",E10000025,Oxfordshire
E58002081,Headington & Quarry ED,E10000025,Oxfordshire
E58002082,Henley ED,E10000025,Oxfordshire
E58002083,Isis ED,E10000025,Oxfordshire
E58002084,Jericho & Osney ED,E10000025,Oxfordshire
E58002085,Kennington & Radley ED,E10000025,Oxfordshire
E58002086,Kidlington East ED,E10000025,Oxfordshire
E58002087,Kidlington North & Otmoor ED,E10000025,Oxfordshire
E58002088,Kidlington West ED,E10000025,Oxfordshire
E58002089,Kingston & Stanford ED,E10000025,Oxfordshire
E58002090,Leys ED,E10000025,Oxfordshire
E58002091,Marcham & Cumnor ED,E10000025,Oxfordshire
E58002092,Marston & Northway ED,E10000025,Oxfordshire
E58002093,North Hinksey ED,E10000025,Oxfordshire
E58002094,Parks ED,E10000025,Oxfordshire
E58002095,Rose Hill & Littlemore ED,E10000025,Oxfordshire
E58002096,Shrivenham ED,E10000025,Oxfordshire
E58002097,Sonning Common & Henley South ED,E10000025,Oxfordshire
E58002098,Summertown & Walton Manor ED,E10000025,Oxfordshire
E58002099,Thame ED,E10000025,Oxfordshire
E58002100,Wallingford ED,E10000025,Oxfordshire
E58002101,Wantage West ED,E10000025,Oxfordshire
E58002102,Watlington & Rotherfield ED,E10000025,Oxfordshire
E58002103,Wheatley ED,E10000025,Oxfordshire
E58002104,Witney North & East ED,E10000025,Oxfordshire
E58002105,Witney South & Central ED,E10000025,Oxfordshire
E58002106,Witney West & Ducklington ED,E10000025,Oxfordshire
E58002107,Wolvercote & Cutteslowe ED,E10000025,Oxfordshire
E58002108,Woodstock ED,E10000025,Oxfordshire
E58001796,Audley & Chesterton ED,E10000028,Staffordshire
E58001797,Biddulph North ED,E10000028,Staffordshire
E58001798,Biddulph South & Endon ED,E10000028,Staffordshire
E58001799,Bradwell & Porthill ED,E10000028,Staffordshire
E58001800,Brereton & Ravenhill ED,E10000028,Staffordshire
E58001801,Brewood ED,E10000028,Staffordshire
E58001802,Burntwood North ED,E10000028,Staffordshire
E58001803,Burntwood South ED,E10000028,Staffordshire
E58001804,Burton South ED,E10000028,Staffordshire
E58001805,Burton Tower ED,E10000028,Staffordshire
E58001806,Burton Town ED,E10000028,Staffordshire
E58001807,Burton Trent ED,E10000028,Staffordshire
E58001808,Cannock Town ED,E10000028,Staffordshire
E58001809,Caverswall ED,E10000028,Staffordshire
E58001810,Chadsmoor ED,E10000028,Staffordshire
E58001811,Cheadle & Checkley ED,E10000028,Staffordshire
E58001812,"Cheslyn Hay Village, Featherstone & Shareshill ED",E10000028,Staffordshire
E58001813,Churnet Valley ED,E10000028,Staffordshire
E58001814,Codsall ED,E10000028,Staffordshire
E58001815,Dove ED,E10000028,Staffordshire
E58001816,Eccleshall & Gnosall ED,E10000028,Staffordshire
E58001817,Etching Hill & The Heath ED,E10000028,Staffordshire
E58001818,Great Wyrley & Essington ED,E10000028,Staffordshire
E58001819,"Hawks Green, Rawnsley & Cannock Wood ED",E10000028,Staffordshire
E58001820,Hednesford North ED,E10000028,Staffordshire
E58001821,Kidsgrove ED,E10000028,Staffordshire
E58001822,Kinver ED,E10000028,Staffordshire
E58001823,Leek Rural ED,E10000028,Staffordshire
E58001824,Leek South ED,E10000028,Staffordshire
E58001825,Lichfield City North ED,E10000028,Staffordshire
E58001826,Lichfield City South ED,E10000028,Staffordshire
E58001827,Lichfield Rural East ED,E10000028,Staffordshire
E58001828,Lichfield Rural North ED,E10000028,Staffordshire
E58001829,Lichfield Rural South ED,E10000028,Staffordshire
E58001830,Lichfield Rural West ED,E10000028,Staffordshire
E58001831,May Bank & Wolstanton ED,E10000028,Staffordshire
E58001832,Needwood Forest ED,E10000028,Staffordshire
E58001833,Newcastle Rural ED,E10000028,Staffordshire
E58001834,Newcastle South ED,E10000028,Staffordshire
E58001835,"Norton Canes, Heath Hayes & Wimblebury ED",E10000028,Staffordshire
E58001836,Penkridge ED,E10000028,Staffordshire
E58001837,Perrycrofts ED,E10000028,Staffordshire
E58001838,Perton ED,E10000028,Staffordshire
E58001839,Silverdale & Knutton ED,E10000028,Staffordshire
E58001840,Stafford Central ED,E10000028,Staffordshire
E58001841,Stafford North ED,E10000028,Staffordshire
E58001842,Stafford South East ED,E10000028,Staffordshire
E58001843,Stafford South West ED,E10000028,Staffordshire
E58001844,Stafford Trent Valley ED,E10000028,Staffordshire
E58001845,Stafford West & Rural ED,E10000028,Staffordshire
E58001846,Stone Rural North ED,E10000028,Staffordshire
E58001847,Stone Urban ED,E10000028,Staffordshire
E58001848,Stretton ED,E10000028,Staffordshire
E58001849,Talke & Red Street ED,E10000028,Staffordshire
E58001850,The Cotes/Two Rivers ED,E10000028,Staffordshire
E58001851,The Heaths ED,E10000028,Staffordshire
E58001852,Uttoxeter Rural ED,E10000028,Staffordshire
E58001853,Uttoxeter Town ED,E10000028,Staffordshire
E58001854,Watling ED,E10000028,Staffordshire
E58001855,"Westlands, Thistleberry & Keele ED",E10000028,Staffordshire
E58001856,Wilnecote ED,E10000028,Staffordshire
E58001857,Wombourne ED,E10000028,Staffordshire
E58001397,Aldeburgh and Leiston ED,E10000029,Suffolk
E58001398,Beccles ED,E10000029,Suffolk
E58001399,Belstead Brook ED,E10000029,Suffolk
E58001400,Bixley ED,E10000029,Suffolk
E58001401,Blackbourn ED,E10000029,Suffolk
E58001402,Blything ED,E10000029,Suffolk
E58001403,Bosmere ED,E10000029,Suffolk
E58001404,Brandon ED,E10000029,Suffolk
E58001405,Bridge ED,E10000029,Suffolk
E58001406,Bungay ED,E10000029,Suffolk
E58001407,Carlford ED,E10000029,Suffolk
E58001408,Chantry ED,E10000029,Suffolk
E58001410,Cosford ED,E10000029,Suffolk
E58001412,Exning and Newmarket ED,E10000029,Suffolk
E58001413,Felixstowe Coastal ED,E10000029,Suffolk
E58001414,Felixstowe North and Trimley ED,E10000029,Suffolk
E58001415,Framlingham ED,E10000029,Suffolk
E58001416,Gainsborough ED,E10000029,Suffolk
E58001417,Gipping Valley ED,E10000029,Suffolk
E58001418,Great Cornard ED,E10000029,Suffolk
E58001419,Gunton ED,E10000029,Suffolk
E58001420,Hadleigh ED,E10000029,Suffolk
E58001421,Halesworth ED,E10000029,Suffolk
E58001423,Hartismere ED,E10000029,Suffolk
E58001426,Hoxne and Eye ED,E10000029,Suffolk
E58001427,Kesgrave and Rushmere St. Andrew ED,E10000029,Suffolk
E58001428,Kessingland and Southwold ED,E10000029,Suffolk
E58001429,Lowestoft South ED,E10000029,Suffolk
E58001430,Martlesham ED,E10000029,Suffolk
E58001431,Melford ED,E10000029,Suffolk
E58001432,Mildenhall ED,E10000029,Suffolk
E58001433,Newmarket and Red Lodge ED,E10000029,Suffolk
E58001434,Oulton ED,E10000029,Suffolk
E58001435,Pakefield ED,E10000029,Suffolk
E58001436,Peninsula ED,E10000029,Suffolk
E58001437,Priory Heath ED,E10000029,Suffolk
E58001438,Row Heath ED,E10000029,Suffolk
E58001439,Rushmere ED,E10000029,Suffolk
E58001440,Samford ED,E10000029,Suffolk
E58001441,St. Helen's ED,E10000029,Suffolk
E58001442,St. John's ED,E10000029,Suffolk
E58001443,St. Margaret's and Westgate ED,E10000029,Suffolk
E58001444,Stour Valley ED,E10000029,Suffolk
E58001445,Stowmarket North and Stowupland ED,E10000029,Suffolk
E58001446,Stowmarket South ED,E10000029,Suffolk
E58001447,Sudbury East and Waldingfield ED,E10000029,Suffolk
E58001448,Sudbury ED,E10000029,Suffolk
E58001449,Thedwastre North ED,E10000029,Suffolk
E58001450,Thedwastre South ED,E10000029,Suffolk
E58001453,Thredling ED,E10000029,Suffolk
E58001455,Upper Gipping ED,E10000029,Suffolk
E58001456,Whitehouse and Whitton ED,E10000029,Suffolk
E58001457,Wickham ED,E10000029,Suffolk
E58001458,Wilford ED,E10000029,Suffolk
E58001459,Woodbridge ED,E10000029,Suffolk
E58001749,Eastgate and Moreton Hall ED,E10000029,Suffolk
E58001750,Hardwick ED,E10000029,Suffolk
E58001751,Haverhill East and Kedington ED,E10000029,Suffolk
E58001752,Thingoe North ED,E10000029,Suffolk
E58001753,Thingoe South ED,E10000029,Suffolk
E58001754,Tower ED,E10000029,Suffolk
E58001759,Clare ED,E10000029,Suffolk
E58001760,Haverhill Cangle ED,E10000029,Suffolk
E58001460,Addlestone ED,E10000030,Surrey
E58001461,Ash ED,E10000030,Surrey
E58001462,Ashford ED,E10000030,Surrey
E58001463,Ashtead ED,E10000030,Surrey
E58001464,"Bagshot, Windlesham and Chobham ED",E10000030,Surrey
E58001465,"Banstead, Woodmansterne and Chipstead ED",E10000030,Surrey
E58001466,Bookham and Fetcham West ED,E10000030,Surrey
E58001467,Camberley East ED,E10000030,Surrey
E58001468,Camberley West ED,E10000030,Surrey
E58001469,Caterham Hill ED,E10000030,Surrey
E58001470,Caterham Valley ED,E10000030,Surrey
E58001471,Chertsey ED,E10000030,Surrey
E58001472,Cobham ED,E10000030,Surrey
E58001473,Cranleigh and Ewhurst ED,E10000030,Surrey
E58001474,Dorking Hills ED,E10000030,Surrey
E58001475,Dorking Rural ED,E10000030,Surrey
E58001476,Dorking South and the Holmwoods ED,E10000030,Surrey
E58001477,Earlswood and Reigate South ED,E10000030,Surrey
E58001478,East Molesey and Esher ED,E10000030,Surrey
E58001479,Egham ED,E10000030,Surrey
E58001480,Englefield Green ED,E10000030,Surrey
E58001481,Epsom Town and Downs ED,E10000030,Surrey
E58001482,Epsom West ED,E10000030,Surrey
E58001483,"Ewell Court, Auriol and Cuddington ED",E10000030,Surrey
E58001484,Ewell ED,E10000030,Surrey
E58001485,Farnham Central ED,E10000030,Surrey
E58001486,Farnham North ED,E10000030,Surrey
E58001487,Farnham South ED,E10000030,Surrey
E58001488,"Foxhills, Thorpe and Virginia Water ED",E10000030,Surrey
E58001489,Frimley Green and Mytchett ED,E10000030,Surrey
E58001490,Godalming North ED,E10000030,Surrey
E58001491,"Godalming South, Milford and Witley ED",E10000030,Surrey
E58001492,Godstone ED,E10000030,Surrey
E58001493,Goldsworth East and Horsell Village ED,E10000030,Surrey
E58001494,Guildford East ED,E10000030,Surrey
E58001495,Guildford North ED,E10000030,Surrey
E58001496,Guildford South East ED,E10000030,Surrey
E58001497,Guildford South West ED,E10000030,Surrey
E58001498,Guildford West ED,E10000030,Surrey
E58001499,Haslemere ED,E10000030,Surrey
E58001500,Heatherside and Parkside ED,E10000030,Surrey
E58001501,Hersham ED,E10000030,Surrey
E58001502,"Hinchley Wood, Claygate and Oxshott ED",E10000030,Surrey
E58001503,Horley East ED,E10000030,Surrey
E58001504,"Horley West, Salfords and Sidlow ED",E10000030,Surrey
E58001505,Horsleys ED,E10000030,Surrey
E58001506,Knaphill and Goldsworth West ED,E10000030,Surrey
E58001507,Laleham and Shepperton ED,E10000030,Surrey
E58001508,Leatherhead and Fetcham East ED,E10000030,Surrey
E58001509,"Lightwater, West End and Bisley ED",E10000030,Surrey
E58001511,Lingfield ED,E10000030,Surrey
E58001512,Lower Sunbury and Halliford ED,E10000030,Surrey
E58001513,Merstham and Banstead South ED,E10000030,Surrey
E58001514,Nork and Tattenhams ED,E10000030,Surrey
E58001515,Oxted ED,E10000030,Surrey
E58001516,Redhill East ED,E10000030,Surrey
E58001517,Redhill West and Meadvale ED,E10000030,Surrey
E58001518,Reigate ED,E10000030,Surrey
E58001519,Shalford ED,E10000030,Surrey
E58001520,Shere ED,E10000030,Surrey
E58001521,Staines ED,E10000030,Surrey
E58001522,Staines South and Ashford West ED,E10000030,Surrey
E58001523,Stanwell and Stanwell Moor ED,E10000030,Surrey
E58001524,Sunbury Common and Ashford Common ED,E10000030,Surrey
E58001525,"Tadworth, Walton and Kingswood ED",E10000030,Surrey
E58001526,The Byfleets ED,E10000030,Surrey
E58001527,The Dittons ED,E10000030,Surrey
E58001528,Walton ED,E10000030,Surrey
E58001529,Walton South and Oatlands ED,E10000030,Surrey
E58001530,Warlingham ED,E10000030,Surrey
E58001531,Waverley Eastern Villages ED,E10000030,Surrey
E58001532,Waverley Western Villages ED,E10000030,Surrey
E58001533,West Ewell ED,E10000030,Surrey
E58001534,West Molesey ED,E10000030,Surrey
E58001535,Weybridge ED,E10000030,Surrey
E58001536,Woking North ED,E10000030,Surrey
E58001537,Woking South East ED,E10000030,Surrey
E58001538,Woking South ED,E10000030,Surrey
E58001539,Woking South West ED,E10000030,Surrey
E58001540,Woodham and New Haw ED,E10000030,Surrey
E58001541,Worplesdon ED,E10000030,Surrey
E58001542,Admirals & Cawston ED,E10000031,Warwickshire
E58001543,Alcester ED,E10000031,Warwickshire
E58001544,Arbury ED,E10000031,Warwickshire
E58001545,Arden ED,E10000031,Warwickshire
E58001546,Atherstone ED,E10000031,Warwickshire
E58001547,Attleborough ED,E10000031,Warwickshire
E58001548,Baddesley & Dordon ED,E10000031,Warwickshire
E58001549,Bedworth Central ED,E10000031,Warwickshire
E58001550,Bedworth East ED,E10000031,Warwickshire
E58001551,Bedworth North ED,E10000031,Warwickshire
E58001552,Bedworth West ED,E10000031,Warwickshire
E58001553,Benn ED,E10000031,Warwickshire
E58001554,Bidford & Welford ED,E10000031,Warwickshire
E58001555,Bilton & Hillside ED,E10000031,Warwickshire
E58001556,Brownsover & Coton Park ED,E10000031,Warwickshire
E58001557,Budbrooke & Bishop's Tachbrook ED,E10000031,Warwickshire
E58001558,Bulkington & Whitestone ED,E10000031,Warwickshire
E58001559,Camp Hill ED,E10000031,Warwickshire
E58001560,Coleshill North & Water Orton ED,E10000031,Warwickshire
E58001561,Coleshill South & Arley ED,E10000031,Warwickshire
E58001562,Cubbington & Leek Wootton ED,E10000031,Warwickshire
E58001563,Dunsmore & Leam Valley ED,E10000031,Warwickshire
E58001564,Earl Craven ED,E10000031,Warwickshire
E58001565,Eastlands ED,E10000031,Warwickshire
E58001566,Feldon ED,E10000031,Warwickshire
E58001567,Fosse ED,E10000031,Warwickshire
E58001568,Galley Common ED,E10000031,Warwickshire
E58001569,Hartshill & Mancetter ED,E10000031,Warwickshire
E58001570,Hillmorton ED,E10000031,Warwickshire
E58001571,Kenilworth Park Hill ED,E10000031,Warwickshire
E58001572,Kenilworth St. John's ED,E10000031,Warwickshire
E58001573,Kineton & Red Horse ED,E10000031,Warwickshire
E58001574,Kingsbury ED,E10000031,Warwickshire
E58001575,Lapworth & West Kenilworth ED,E10000031,Warwickshire
E58001576,Leamington Brunswick ED,E10000031,Warwickshire
E58001577,Leamington Clarendon ED,E10000031,Warwickshire
E58001578,Leamington Milverton ED,E10000031,Warwickshire
E58001579,Leamington North ED,E10000031,Warwickshire
E58001580,Leamington Willes ED,E10000031,Warwickshire
E58001581,New Bilton & Overslade ED,E10000031,Warwickshire
E58001582,Nuneaton Abbey ED,E10000031,Warwickshire
E58001583,Nuneaton East ED,E10000031,Warwickshire
E58001584,Polesworth ED,E10000031,Warwickshire
E58001585,Shipston ED,E10000031,Warwickshire
E58001586,"Southam, Stockton & Napton ED",E10000031,Warwickshire
E58001587,Stockingford ED,E10000031,Warwickshire
E58001588,Stour & the Vale ED,E10000031,Warwickshire
E58001589,Stratford North ED,E10000031,Warwickshire
E58001590,Stratford South ED,E10000031,Warwickshire
E58001591,Stratford West ED,E10000031,Warwickshire
E58001592,Studley ED,E10000031,Warwickshire
E58001593,Warwick North ED,E10000031,Warwickshire
E58001594,Warwick South ED,E10000031,Warwickshire
E58001595,Warwick West ED,E10000031,Warwickshire
E58001596,Weddington ED,E10000031,Warwickshire
E58001597,Wellesbourne ED,E10000031,Warwickshire
E58001598,Whitnash ED,E10000031,Warwickshire
E58001599,Angmering & Findon ED,E10000032,West Sussex
E58001600,Arundel & Courtwick ED,E10000032,West Sussex
E58001601,Bersted ED,E10000032,West Sussex
E58001602,Bewbush & Ifield West ED,E10000032,West Sussex
E58001603,Billingshurst ED,E10000032,West Sussex
E58001604,Bognor Regis East ED,E10000032,West Sussex
E58001605,Bognor Regis West & Aldwick ED,E10000032,West Sussex
E58001606,Bourne ED,E10000032,West Sussex
E58001607,Bramber Castle ED,E10000032,West Sussex
E58001608,Broadbridge ED,E10000032,West Sussex
E58001609,Broadfield ED,E10000032,West Sussex
E58001610,Broadwater ED,E10000032,West Sussex
E58001611,Burgess Hill East ED,E10000032,West Sussex
E58001612,Burgess Hill North ED,E10000032,West Sussex
E58001613,Chichester East ED,E10000032,West Sussex
E58001614,Chichester North ED,E10000032,West Sussex
E58001615,Chichester South ED,E10000032,West Sussex
E58001616,Chichester West ED,E10000032,West Sussex
E58001617,Cissbury ED,E10000032,West Sussex
E58001618,Cuckfield & Lucastes ED,E10000032,West Sussex
E58001619,Durrington & Salvington ED,E10000032,West Sussex
E58001620,East Grinstead Meridian ED,E10000032,West Sussex
E58001621,East Grinstead South & Ashurst Wood ED,E10000032,West Sussex
E58001622,East Preston & Ferring ED,E10000032,West Sussex
E58001623,Felpham ED,E10000032,West Sussex
E58001624,Fontwell ED,E10000032,West Sussex
E58001625,Goring ED,E10000032,West Sussex
E58001626,Hassocks & Burgess Hill South ED,E10000032,West Sussex
E58001627,Haywards Heath East ED,E10000032,West Sussex
E58001628,Haywards Heath Town ED,E10000032,West Sussex
E58001629,Henfield ED,E10000032,West Sussex
E58001630,Holbrook ED,E10000032,West Sussex
E58001631,Horsham East ED,E10000032,West Sussex
E58001632,Horsham Hurst ED,E10000032,West Sussex
E58001633,Horsham Riverside ED,E10000032,West Sussex
E58001634,Hurstpierpoint & Bolney ED,E10000032,West Sussex
E58001635,Imberdown ED,E10000032,West Sussex
E58001636,Lancing ED,E10000032,West Sussex
E58001637,Langley Green & Ifield East ED,E10000032,West Sussex
E58001638,Lindfield & High Weald ED,E10000032,West Sussex
E58001639,Littlehampton East ED,E10000032,West Sussex
E58001640,Littlehampton Town ED,E10000032,West Sussex
E58001641,Maidenbower & Worth ED,E10000032,West Sussex
E58001642,Middleton ED,E10000032,West Sussex
E58001643,Midhurst ED,E10000032,West Sussex
E58001644,Northbrook ED,E10000032,West Sussex
E58001645,Northgate & West Green ED,E10000032,West Sussex
E58001646,Nyetimber ED,E10000032,West Sussex
E58001647,Petworth ED,E10000032,West Sussex
E58001648,Pound Hill ED,E10000032,West Sussex
E58001649,Pulborough ED,E10000032,West Sussex
E58001650,Rother Valley ED,E10000032,West Sussex
E58001651,Rustington ED,E10000032,West Sussex
E58001652,Selsey ED,E10000032,West Sussex
E58001653,Shoreham North ED,E10000032,West Sussex
E58001654,Shoreham South ED,E10000032,West Sussex
E58001655,Sompting & North Lancing ED,E10000032,West Sussex
E58001656,Southgate & Gossops Green ED,E10000032,West Sussex
E58001657,Southwater & Nuthurst ED,E10000032,West Sussex
E58001658,Southwick ED,E10000032,West Sussex
E58001659,St. Leonard's Forest ED,E10000032,West Sussex
E58001660,Storrington ED,E10000032,West Sussex
E58001661,Tarring ED,E10000032,West Sussex
E58001662,The Witterings ED,E10000032,West Sussex
E58001663,Three Bridges ED,E10000032,West Sussex
E58001664,Tilgate & Furnace Green ED,E10000032,West Sussex
E58001665,Worth Forest ED,E10000032,West Sussex
E58001666,Worthing East ED,E10000032,West Sussex
E58001667,Worthing Pier ED,E10000032,West Sussex
E58001668,Worthing West ED,E10000032,West Sussex
E58001922,Alvechurch ED,E10000034,Worcestershire
E58001923,Beacon ED,E10000034,Worcestershire
E58001924,Bedwardine ED,E10000034,Worcestershire
E58001925,Bewdley ED,E10000034,Worcestershire
E58001926,Bowbrook ED,E10000034,Worcestershire
E58001927,Bredon ED,E10000034,Worcestershire
E58001928,Broadway ED,E10000034,Worcestershire
E58001929,Bromsgrove Central ED,E10000034,Worcestershire
E58001930,Bromsgrove East ED,E10000034,Worcestershire
E58001931,Bromsgrove South ED,E10000034,Worcestershire
E58001932,Bromsgrove West ED,E10000034,Worcestershire
E58001933,Chaddesley ED,E10000034,Worcestershire
E58001934,Claines ED,E10000034,Worcestershire
E58001935,Clent Hills ED,E10000034,Worcestershire
E58001936,"Cookley, Wolverley & Wribbenhall ED",E10000034,Worcestershire
E58001937,Croome ED,E10000034,Worcestershire
E58001938,Droitwich East ED,E10000034,Worcestershire
E58001939,Droitwich West ED,E10000034,Worcestershire
E58001940,Evesham North West ED,E10000034,Worcestershire
E58001941,Evesham South ED,E10000034,Worcestershire
E58001942,Hallow ED,E10000034,Worcestershire
E58001943,Harvington ED,E10000034,Worcestershire
E58001944,Littletons ED,E10000034,Worcestershire
E58001945,Malvern Chase ED,E10000034,Worcestershire
E58001946,Malvern Langland ED,E10000034,Worcestershire
E58001947,Malvern Link ED,E10000034,Worcestershire
E58001948,Malvern Trinity ED,E10000034,Worcestershire
E58001949,Nunnery ED,E10000034,Worcestershire
E58001950,Ombersley ED,E10000034,Worcestershire
E58001951,Pershore ED,E10000034,Worcestershire
E58001952,Powick & Longdon ED,E10000034,Worcestershire
E58001953,Rainbow Hill & Fort Royal ED,E10000034,Worcestershire
E58001954,Redditch Central ED,E10000034,Worcestershire
E58001955,Redditch East ED,E10000034,Worcestershire
E58001956,Redditch South ED,E10000034,Worcestershire
E58001957,Redditch West ED,E10000034,Worcestershire
E58001958,Riverside ED,E10000034,Worcestershire
E58001959,St Barnabas ED,E10000034,Worcestershire
E58001960,St Chads ED,E10000034,Worcestershire
E58001961,St Georges ED,E10000034,Worcestershire
E58001962,St John ED,E10000034,Worcestershire
E58001963,St Johns ED,E10000034,Worcestershire
E58001964,St Peter ED,E10000034,Worcestershire
E58001965,St Peters ED,E10000034,Worcestershire
E58001966,St Stephen ED,E10000034,Worcestershire
E58001967,Stourport Areley Kings & Riverside ED,E10000034,Worcestershire
E58001968,Stourport Mitton ED,E10000034,Worcestershire
E58001969,Tenbury ED,E10000034,Worcestershire
E58001970,Upton Snodsbury ED,E10000034,Worcestershire
E58001971,Warndon & Elbury Park ED,E10000034,Worcestershire
E58001972,Warndon Villages ED,E10000034,Worcestershire
E58001973,Woodvale ED,E10000034,Worcestershire
E58001974,Wythall ED,E10000034,Worcestershire
